Date,temp
3/1/2014,47.7
3/2/2014,40.6
3/3/2014,43.4
3/4/2014,51.4
3/5/2014,49.8
3/6/2014,54.3
3/7/2014,52.5
3/8/2014,51.4
3/9/2014,49
3/10/2014,53.2
3/11/2014,47.5
3/12/2014,47.4
3/13/2014,48.5
3/14/2014,48.8
3/15/2014,50.8
3/16/2014,52.8
3/17/2014,43.8
3/18/2014,44.7
3/19/2014,45.2
3/20/2014,44.2
3/21/2014,43.6
3/22/2014,42.7
3/23/2014,43.1
3/24/2014,47.7
3/25/2014,53.5
3/26/2014,50.1
3/27/2014,47
3/28/2014,50.1
3/29/2014,49.4
3/30/2014,49.1
3/31/2014,45.3
4/1/2014,48.4
4/2/2014,50.5
4/3/2014,51.5
4/4/2014,50
4/5/2014,49.8
4/6/2014,50.3
4/7/2014,53.1
4/8/2014,60.6
4/9/2014,52.3
4/10/2014,50.6
4/11/2014,50.7
4/12/2014,51.8
4/13/2014,52.1
4/14/2014,55.3
4/15/2014,54.7
4/16/2014,52.8
4/17/2014,50.9
4/18/2014,49.1
4/19/2014,50
4/20/2014,48.1
4/21/2014,52.1
4/22/2014,53.6
4/23/2014,49.1
4/24/2014,48.9
4/25/2014,50.2
4/26/2014,50.5
4/27/2014,51
4/28/2014,47.4
4/29/2014,51.3
4/30/2014,62.5
5/1/2014,66
5/2/2014,69.5
5/3/2014,59.1
5/4/2014,54.4
5/5/2014,54
5/6/2014,54.7
5/7/2014,54.1
5/8/2014,55.7
5/9/2014,53.4
5/10/2014,51.5
5/11/2014,51.7
5/12/2014,56.3
5/13/2014,62.8
5/14/2014,67.2
5/15/2014,68.5
5/16/2014,67.4
5/17/2014,61.6
5/18/2014,59.9
5/19/2014,59
5/20/2014,60
5/21/2014,60.9
5/22/2014,60.5
5/23/2014,65.1
5/24/2014,61.9
5/25/2014,59.5
5/26/2014,56.8
5/27/2014,58.7
5/28/2014,58.7
5/29/2014,58.3
5/30/2014,56.8
5/31/2014,59
6/1/2014,61.8
6/2/2014,62.2
6/3/2014,63.3
6/4/2014,58.3
6/5/2014,58.6
6/6/2014,60.9
6/7/2014,62.9
6/8/2014,64.5
6/9/2014,64.7
6/10/2014,61
6/11/2014,58.9
6/12/2014,63
6/13/2014,61.8
6/14/2014,57.5
6/15/2014,58.6
6/16/2014,56.2
6/17/2014,56.6
6/18/2014,57.6
6/19/2014,60
6/20/2014,64.9
6/21/2014,58.5
6/22/2014,60.8
6/23/2014,63.6
6/24/2014,67
6/25/2014,66.6
6/26/2014,68.4
6/27/2014,64
6/28/2014,63.9
6/29/2014,62.6
6/30/2014,61.1
7/1/2014,66.1
7/2/2014,75.6
7/3/2014,69.9
7/4/2014,64.1
7/5/2014,66
7/6/2014,66.6
7/7/2014,72.5
7/8/2014,71.2
7/9/2014,72.3
7/10/2014,68.8
7/11/2014,69.9
7/12/2014,73.2
7/13/2014,75.4
7/14/2014,73.2
7/15/2014,71.8
7/16/2014,72.5
7/17/2014,73.3
7/18/2014,68
7/19/2014,65.6
7/20/2014,69.3
7/21/2014,62.3
7/22/2014,66.1
7/23/2014,63.9
7/24/2014,60.3
7/25/2014,62.1
7/26/2014,64.2
7/27/2014,67.2
7/28/2014,70.4
7/29/2014,72.8
7/30/2014,71.5
7/31/2014,71.1
8/1/2014,73.1
8/2/2014,72
8/3/2014,71.7
8/4/2014,73.7
8/5/2014,73.8
8/6/2014,68.2
8/7/2014,69.1
8/8/2014,68.6
8/9/2014,67.7
8/10/2014,69.7
8/11/2014,71.6
8/12/2014,78.8
8/13/2014,70.8
8/14/2014,66.6
8/15/2014,65.9
8/16/2014,69
8/17/2014,69.7
8/18/2014,70.5
8/19/2014,72.9
8/20/2014,70.7
8/21/2014,63.5
8/22/2014,62.6
8/23/2014,65.5
8/24/2014,69.7
8/25/2014,67.3
8/26/2014,70.8
8/27/2014,74.3
8/28/2014,72.7
8/29/2014,67.1
8/30/2014,66.2
8/31/2014,62
9/1/2014,63.7
9/2/2014,65.4
9/3/2014,62.5
9/4/2014,61.2
9/5/2014,62.8
9/6/2014,69.3
9/7/2014,71.8
9/8/2014,69.7
9/9/2014,63.3
9/10/2014,63.3
9/11/2014,62
9/12/2014,63.7
9/13/2014,63.1
9/14/2014,66.4
9/15/2014,67.2
9/16/2014,69.6
9/17/2014,65.9
9/18/2014,65.8
9/19/2014,64.6
9/20/2014,67.5
9/21/2014,65.7
9/22/2014,68.1
9/23/2014,65.4
9/24/2014,63.4
9/25/2014,62.8
9/26/2014,64.5
9/27/2014,62.2
9/28/2014,61.7
9/29/2014,58.9
9/30/2014,58.2
10/1/2014,60
10/2/2014,58.9
10/3/2014,58.5
10/4/2014,59.8
10/5/2014,62.6
10/6/2014,63.2
10/7/2014,66.3
10/8/2014,62.3
10/9/2014,61.1
10/10/2014,57.7
10/11/2014,58.7
10/12/2014,59.5
10/13/2014,59.1
10/14/2014,61.2
10/15/2014,57.9
10/16/2014,56.3
10/17/2014,60.7
10/18/2014,58.3
10/19/2014,60.9
10/20/2014,64.1
10/21/2014,58.5
10/22/2014,58.2
10/23/2014,55.3
10/24/2014,53.7
10/25/2014,53.4
10/26/2014,56.1
10/27/2014,50
10/28/2014,52.7
10/29/2014,55.2
10/30/2014,57.4
10/31/2014,56.3
11/1/2014,51.4
11/2/2014,49.1
11/3/2014,51.3
11/4/2014,55.9
11/5/2014,55.6
11/6/2014,55.8
11/7/2014,55.2
11/8/2014,49.2
11/9/2014,47.3
11/10/2014,50.3
11/11/2014,46.2
11/12/2014,39.8
11/13/2014,37.6
11/14/2014,36.8
11/15/2014,36.5
11/16/2014,36.7
11/17/2014,38.2
11/18/2014,39.6
11/19/2014,38.3
11/20/2014,44.3
11/21/2014,47.7
11/22/2014,48.9
11/23/2014,46.9
11/24/2014,47.4
11/25/2014,46.7
11/26/2014,53.5
11/27/2014,57.4
11/28/2014,56.3
11/29/2014,46
11/30/2014,30
12/1/2014,31.3
12/2/2014,32.1
12/3/2014,34.5
12/4/2014,39.9
12/5/2014,42.7
12/6/2014,48.5
12/7/2014,48.9
12/8/2014,48.7
12/9/2014,53.3
12/10/2014,56.7
12/11/2014,57.1
12/12/2014,52.5
12/13/2014,48.7
12/14/2014,43.6
12/15/2014,44
12/16/2014,48.1
12/17/2014,46.1
12/18/2014,45.7
12/19/2014,47.1
12/20/2014,48.3
12/21/2014,50.4
12/22/2014,50.2
12/23/2014,46.6
12/24/2014,47
12/25/2014,42.2
12/26/2014,41.8
12/27/2014,40
12/28/2014,44.9
12/29/2014,40.9
12/30/2014,37.4
12/31/2014,33.2
1/1/2015,32.6
1/2/2015,33.8
1/3/2015,37.1
1/4/2015,37.8
1/5/2015,46.3
1/6/2015,52.5
1/7/2015,48.3
1/8/2015,44
1/9/2015,41.3
1/10/2015,43.3
1/11/2015,44.9
1/12/2015,47
1/13/2015,46.1
1/14/2015,42
1/15/2015,39
1/16/2015,41.6
1/17/2015,46.5
1/18/2015,47.7
1/19/2015,49.1
1/20/2015,45.2
1/21/2015,42
1/22/2015,39
1/23/2015,46.6
1/24/2015,51.8
1/25/2015,56.9
1/26/2015,53.6
1/27/2015,53.4
1/28/2015,49.8
1/29/2015,46.7
1/30/2015,45.1
1/31/2015,41.3
2/1/2015,41.7
2/2/2015,45.9
2/3/2015,48.4
2/4/2015,46.1
2/5/2015,45.9
2/6/2015,52.7
2/7/2015,53.9
2/8/2015,52.6
2/9/2015,52.8
2/10/2015,52.3
2/11/2015,49.8
2/12/2015,49
2/13/2015,54.6
2/14/2015,53
2/15/2015,49.2
2/16/2015,47
2/17/2015,50.4
2/18/2015,49.7
2/19/2015,47.9
2/20/2015,50.1
2/21/2015,49
2/22/2015,46.4
2/23/2015,43.5
2/24/2015,43.9
2/25/2015,44.3
2/26/2015,47.6
2/27/2015,49.8
2/28/2015,47.3
3/1/2015,44.5
3/2/2015,43.8
3/3/2015,43.5
3/4/2015,41.6
3/5/2015,42.6
3/6/2015,46.6
3/7/2015,48.7
3/8/2015,49.2
3/9/2015,50.1
3/10/2015,48.8
3/11/2015,50
3/12/2015,54.9
3/13/2015,56.5
3/14/2015,56.5
3/15/2015,54.1
3/16/2015,47.8
3/17/2015,49
3/18/2015,49.3
3/19/2015,53.2
3/20/2015,54.7
3/21/2015,53.2
3/22/2015,50.1
3/23/2015,47.5
3/24/2015,47
3/25/2015,50.4
3/26/2015,52.5
3/27/2015,60
3/28/2015,57.7
3/29/2015,55.5
3/30/2015,55.6
3/31/2015,56.8
4/1/2015,48.6
4/2/2015,48.1
4/3/2015,49.9
4/4/2015,46.3
4/5/2015,47.4
4/6/2015,49.1
4/7/2015,51
4/8/2015,50.8
4/9/2015,52.7
4/10/2015,53.2
4/11/2015,51
4/12/2015,48.3
4/13/2015,49.3
4/14/2015,46.1
4/15/2015,46
4/16/2015,47.7
4/17/2015,51.2
4/18/2015,55.2
4/19/2015,55.4
4/20/2015,56.6
4/21/2015,59.7
4/22/2015,52.3
4/23/2015,51.3
4/24/2015,48.9
4/25/2015,49.3
4/26/2015,48.3
4/27/2015,50.1
4/28/2015,64.8
4/29/2015,54.2
4/30/2015,54.4
5/1/2015,55.4
5/2/2015,56.2
5/3/2015,54.7
5/4/2015,55.8
5/5/2015,54.1
5/6/2015,51.7
5/7/2015,52.6
5/8/2015,55.9
5/9/2015,59.9
5/10/2015,63.7
5/11/2015,59.9
5/12/2015,55.3
5/13/2015,56.4
5/14/2015,53.1
5/15/2015,56.9
5/16/2015,58.9
5/17/2015,57.1
5/18/2015,59.8
5/19/2015,65.1
5/20/2015,62.5
5/21/2015,62.9
5/22/2015,66.6
5/23/2015,58.9
5/24/2015,58.3
5/25/2015,58.9
5/26/2015,57.8
5/27/2015,62
5/28/2015,65.2
5/29/2015,68
5/30/2015,65.9
5/31/2015,62.1
6/1/2015,64.7
6/2/2015,58.4
6/3/2015,59.2
6/4/2015,60.4
6/5/2015,63.4
6/6/2015,66.8
6/7/2015,69.5
6/8/2015,72.7
6/9/2015,71.8
6/10/2015,68.7
6/11/2015,66
6/12/2015,64.7
6/13/2015,59.2
6/14/2015,62
6/15/2015,66.7
6/16/2015,69.2
6/17/2015,62.8
6/18/2015,64.9
6/19/2015,66.7
6/20/2015,63.7
6/21/2015,64.9
6/22/2015,66.8
6/23/2015,64.7
6/24/2015,66.3
6/25/2015,69
6/26/2015,73
6/27/2015,75
6/28/2015,77.2
6/29/2015,72.5
6/30/2015,73.4
7/1/2015,73.7
7/2/2015,75.8
7/3/2015,77.9
7/4/2015,76.6
7/5/2015,75.5
7/6/2015,75.7
7/7/2015,72.2
7/8/2015,69.6
7/9/2015,72.4
7/10/2015,72.2
7/11/2015,66.9
7/12/2015,67.5
7/13/2015,70.8
7/14/2015,68.7
7/15/2015,70.5
7/16/2015,69.3
7/17/2015,67.2
7/18/2015,69.2
7/19/2015,76.6
7/20/2015,79.3
7/21/2015,71.4
7/22/2015,66.4
7/23/2015,66.7
7/24/2015,68.3
7/25/2015,65.5
7/26/2015,63.9
7/27/2015,62.8
7/28/2015,64.4
7/29/2015,69.8
7/30/2015,73.7
7/31/2015,77.2
8/1/2015,77.5
8/2/2015,75.5
8/3/2015,74.6
8/4/2015,70.9
8/5/2015,67.9
8/6/2015,64.8
8/7/2015,67.9
8/8/2015,70.3
8/9/2015,68.7
8/10/2015,70.9
8/11/2015,73.5
8/12/2015,74.1
8/13/2015,72.6
8/14/2015,72.4
8/15/2015,62.9
8/16/2015,64.2
8/17/2015,66.6
8/18/2015,68.7
8/19/2015,72
8/20/2015,75.2
8/21/2015,66.2
8/22/2015,63.6
8/23/2015,66.8
8/24/2015,67.9
8/25/2015,64.6
8/26/2015,65.8
8/27/2015,69
8/28/2015,72
8/29/2015,68.2
8/30/2015,64.8
8/31/2015,63.2
9/1/2015,64.6
9/2/2015,61.8
9/3/2015,59.7
9/4/2015,59
9/5/2015,55.9
9/6/2015,57.9
9/7/2015,57.4
9/8/2015,63.7
9/9/2015,65.3
9/10/2015,66.7
9/11/2015,66.7
9/12/2015,69.5
9/13/2015,69.2
9/14/2015,61
9/15/2015,57
9/16/2015,57.1
9/17/2015,58.9
9/18/2015,60.7
9/19/2015,61.7
9/20/2015,64.6
9/21/2015,63.9
9/22/2015,56.4
9/23/2015,55.9
9/24/2015,58.1
9/25/2015,62.8
9/26/2015,56.6
9/27/2015,54.4
9/28/2015,54.2
9/29/2015,58.7
9/30/2015,59.9
10/1/2015,57.4
10/2/2015,59
10/3/2015,56.6
10/4/2015,58.5
10/5/2015,60.2
10/6/2015,60.6
10/7/2015,58.3
10/8/2015,59.1
10/9/2015,61.3
10/10/2015,61.3
10/11/2015,62.3
10/12/2015,58.5
10/13/2015,59.6
10/14/2015,55.7
10/15/2015,54.9
10/16/2015,58.3
10/17/2015,58
10/18/2015,60.3
10/19/2015,58.6
10/20/2015,58.8
10/21/2015,55.7
10/22/2015,54.8
10/23/2015,52.9
10/24/2015,50.9
10/25/2015,53.6
10/26/2015,57.1
10/27/2015,51.7
10/28/2015,54.2
10/29/2015,54.8
10/30/2015,57.7
10/31/2015,59.4
11/1/2015,56.3
11/2/2015,52.5
11/3/2015,48.4
11/4/2015,44.9
11/5/2015,44.7
11/6/2015,50.1
11/7/2015,54
11/8/2015,51.6
11/9/2015,49.8
11/10/2015,44.9
11/11/2015,47
11/12/2015,47.9
11/13/2015,49.1
11/14/2015,52.9
11/15/2015,43.9
11/16/2015,41.9
11/17/2015,44.2
11/18/2015,50.3
11/19/2015,44.3
11/20/2015,40.8
11/21/2015,39.9
11/22/2015,40.4
11/23/2015,40.4
11/24/2015,38.6
11/25/2015,40.9
11/26/2015,37.9
11/27/2015,38.9
11/28/2015,37.9
11/29/2015,35.2
11/30/2015,31.8
12/1/2015,34.1
12/2/2015,45.3
12/3/2015,46.2
12/4/2015,52
12/5/2015,47.5
12/6/2015,47
12/7/2015,51.4
12/8/2015,50.6
12/9/2015,55.4
12/10/2015,49.6
12/11/2015,46.3
12/12/2015,45
12/13/2015,46.2
12/14/2015,43.6
12/15/2015,40.1
12/16/2015,39.4
12/17/2015,39.8
12/18/2015,42.8
12/19/2015,44
12/20/2015,42.8
12/21/2015,44
12/22/2015,40
12/23/2015,41.8
12/24/2015,39.5
12/25/2015,39.6
12/26/2015,37.4
12/27/2015,36.8
12/28/2015,38.1
12/29/2015,38.9
12/30/2015,36.5
12/31/2015,34.4
1/1/2016,34.3
1/2/2016,34.9
1/3/2016,32.8
1/4/2016,34.3
1/5/2016,36.8
1/6/2016,39.6
1/7/2016,42.3
1/8/2016,39.4
1/9/2016,38.8
1/10/2016,39.5
1/11/2016,41.7
1/12/2016,39
1/13/2016,48
1/14/2016,44.6
1/15/2016,40.3
1/16/2016,41.1
1/17/2016,47.3
1/18/2016,45.6
1/19/2016,47.8
1/20/2016,42.7
1/21/2016,46.9
1/22/2016,49.2
1/23/2016,49.8
1/24/2016,44.6
1/25/2016,43.2
1/26/2016,45.1
1/27/2016,51
1/28/2016,53.7
1/29/2016,50.6
1/30/2016,45.1
1/31/2016,42.6
2/1/2016,42.2
2/2/2016,41.9
2/3/2016,42.8
2/4/2016,44.5
2/5/2016,46.1
2/6/2016,47
2/7/2016,43
2/8/2016,43.2
2/9/2016,48.2
2/10/2016,50.1
2/11/2016,50.4
2/12/2016,50.2
2/13/2016,51.2
2/14/2016,48.1
2/15/2016,51.8
2/16/2016,52.9
2/17/2016,51.8
2/18/2016,53.4
2/19/2016,48.7
2/20/2016,45.5
2/21/2016,43.7
2/22/2016,42.7
2/23/2016,43.3
2/24/2016,46.9
2/25/2016,49.7
2/26/2016,50.2
2/27/2016,51.8
2/28/2016,51.6
2/29/2016,47.5
3/1/2016,48.5
3/2/2016,50.6
3/3/2016,50.6
3/4/2016,50.3
3/5/2016,48.8
3/6/2016,56.9
3/7/2016,48.4
3/8/2016,45.8
3/9/2016,46.4
3/10/2016,49.7
3/11/2016,46.4
3/12/2016,48
3/13/2016,46
3/14/2016,47.3
3/15/2016,44.5
3/16/2016,45.8
3/17/2016,44.4
3/18/2016,46.3
3/19/2016,52.8
3/20/2016,53.7
3/21/2016,51.4
3/22/2016,50.6
3/23/2016,51
3/24/2016,48.7
3/25/2016,48.4
3/26/2016,48.4
3/27/2016,49.6
3/28/2016,45.8
3/29/2016,46
3/30/2016,49.8
3/31/2016,54.6
4/1/2016,57.9
4/2/2016,57.5
4/3/2016,53.6
4/4/2016,56.9
4/5/2016,51.9
4/6/2016,50
4/7/2016,55.8
4/8/2016,63.2
4/9/2016,60.9
4/10/2016,55.5
4/11/2016,53.3
4/12/2016,52.9
4/13/2016,51.4
4/14/2016,51.2
4/15/2016,51.1
4/16/2016,50.9
4/17/2016,54.8
4/18/2016,62.8
4/19/2016,69.6
4/20/2016,67.5
4/21/2016,65.9
4/22/2016,62.7
4/23/2016,57.1
4/24/2016,58
4/25/2016,49.5
4/26/2016,50.1
4/27/2016,50.9
4/28/2016,54.5
4/29/2016,56.3
4/30/2016,53.1
5/1/2016,55.8
5/2/2016,62.3
5/3/2016,69.2
5/4/2016,63.2
5/5/2016,55
5/6/2016,58.3
5/7/2016,63.9
5/8/2016,65.4
5/9/2016,55.5
5/10/2016,56.4
5/11/2016,59.6
5/12/2016,65.2
5/13/2016,62.5
5/14/2016,66.7
5/15/2016,55.9
5/16/2016,54.3
5/17/2016,55.1
5/18/2016,60.4
5/19/2016,56.6
5/20/2016,55
5/21/2016,57.8
5/22/2016,54.3
5/23/2016,59.2
5/24/2016,59.1
5/25/2016,60
5/26/2016,58.4
5/27/2016,56
5/28/2016,56.5
5/29/2016,56
5/30/2016,55.6
5/31/2016,59
6/1/2016,65.2
6/2/2016,65.4
6/3/2016,62.6
6/4/2016,67.9
6/5/2016,71.4
6/6/2016,76.7
6/7/2016,72.1
6/8/2016,70.6
6/9/2016,60.2
6/10/2016,57.7
6/11/2016,57.8
6/12/2016,58
6/13/2016,60.6
6/14/2016,57.4
6/15/2016,52.2
6/16/2016,55.8
6/17/2016,59.3
6/18/2016,58.3
6/19/2016,55.8
6/20/2016,58.6
6/21/2016,64.7
6/22/2016,62.8
6/23/2016,64.7
6/24/2016,60
6/25/2016,60.8
6/26/2016,63
6/27/2016,66.6
6/28/2016,69.5
6/29/2016,66.3
6/30/2016,64.3
7/1/2016,63.9
7/2/2016,65.4
7/3/2016,66.2
7/4/2016,63.6
7/5/2016,61.9
7/6/2016,61.6
7/7/2016,66.1
7/8/2016,63.6
7/9/2016,64.9
7/10/2016,63.5
7/11/2016,64.4
7/12/2016,64.9
7/13/2016,66.6
7/14/2016,65.4
7/15/2016,65.8
7/16/2016,65.3
7/17/2016,64.9
7/18/2016,68.1
7/19/2016,65.6
7/20/2016,68.2
7/21/2016,70
7/22/2016,70.8
7/23/2016,64.3
7/24/2016,65.4
7/25/2016,68.7
7/26/2016,71.7
7/27/2016,68.3
7/28/2016,70.6
7/29/2016,73.4
7/30/2016,73
7/31/2016,66.4
8/1/2016,63
8/2/2016,65.1
8/3/2016,64.5
8/4/2016,65.9
8/5/2016,68.1
8/6/2016,66.3
8/7/2016,62.7
8/8/2016,63.2
8/9/2016,64.3
8/10/2016,65.1
8/11/2016,67.1
8/12/2016,69.4
8/13/2016,74.4
8/14/2016,74.9
8/15/2016,71.2
8/16/2016,70.4
8/17/2016,69.4
8/18/2016,68.6
8/19/2016,73.4
8/20/2016,78.3
8/21/2016,74.7
8/22/2016,64.8
8/23/2016,63
8/24/2016,66
8/25/2016,70
8/26/2016,75.4
8/27/2016,75.4
8/28/2016,64.9
8/29/2016,62.9
8/30/2016,67
8/31/2016,64.1
9/1/2016,63.7
9/2/2016,61.4
9/3/2016,62.3
9/4/2016,60
9/5/2016,60.1
9/6/2016,59.9
9/7/2016,60.7
9/8/2016,61.8
9/9/2016,60.1
9/10/2016,62
9/11/2016,64.5
9/12/2016,61.4
9/13/2016,62.5
9/14/2016,62.5
9/15/2016,64.4
9/16/2016,61.5
9/17/2016,63
9/18/2016,61.2
9/19/2016,61.2
9/20/2016,59.5
9/21/2016,57.4
9/22/2016,57.8
9/23/2016,57
9/24/2016,58.4
9/25/2016,60
9/26/2016,66
9/27/2016,66
9/28/2016,61
9/29/2016,57.4
9/30/2016,55.8
10/1/2016,55.3
10/2/2016,55.6
10/3/2016,56.4
10/4/2016,56.5
10/5/2016,56.1
10/6/2016,59
10/7/2016,58.1
10/8/2016,57.7
10/9/2016,59.1
10/10/2016,51.5
10/11/2016,52
10/12/2016,51.6
10/13/2016,52.6
10/14/2016,55.7
10/15/2016,54.2
10/16/2016,56.1
10/17/2016,55.2
10/18/2016,54.8
10/19/2016,52.6
10/20/2016,51.3
10/21/2016,54.7
10/22/2016,52.9
10/23/2016,53.2
10/24/2016,55.7
10/25/2016,55.1
10/26/2016,57.2
10/27/2016,54.5
10/28/2016,54.2
10/29/2016,57.6
10/30/2016,51.8
10/31/2016,47.6
11/1/2016,53.7
11/2/2016,53.4
11/3/2016,53.4
11/4/2016,53.5
11/5/2016,53.1
11/6/2016,53.1
11/7/2016,55.2
11/8/2016,56.5
11/9/2016,59.6
11/10/2016,56.7
11/11/2016,54.9
11/12/2016,56.7
11/13/2016,53.2
11/14/2016,50.9
11/15/2016,52.3
11/16/2016,49.4
11/17/2016,46.6
11/18/2016,44.6
11/19/2016,45.7
11/20/2016,51.6
11/21/2016,51.1
11/22/2016,48.7
11/23/2016,48.3
11/24/2016,47.1
11/25/2016,47.3
11/26/2016,46.8
11/27/2016,47.8
11/28/2016,43.5
11/29/2016,45.4
11/30/2016,47
12/1/2016,45.5
12/2/2016,43
12/3/2016,46.7
12/4/2016,45.7
12/5/2016,39.9
12/6/2016,35.9
12/7/2016,34.4
12/8/2016,33.1
12/9/2016,34
12/10/2016,35.1
12/11/2016,40.1
12/12/2016,41
12/13/2016,39.7
12/14/2016,34.9
12/15/2016,34.8
12/16/2016,34.1
12/17/2016,28.8
12/18/2016,27.9
12/19/2016,35.1
12/20/2016,42.9
12/21/2016,43.7
12/22/2016,40.6
12/23/2016,39.1
12/24/2016,36.9
12/25/2016,36.8
12/26/2016,35.9
12/27/2016,37.9
12/28/2016,41.4
12/29/2016,42.6
12/30/2016,43
12/31/2016,37.5
1/1/2017,34.7
1/2/2017,33.8
1/3/2017,30.8
1/4/2017,29.5
1/5/2017,30
1/6/2017,28.7
1/7/2017,30.7
1/8/2017,33
1/9/2017,40.1
1/10/2017,37.3
1/11/2017,35.3
1/12/2017,29.8
1/13/2017,31.4
1/14/2017,31
1/15/2017,34.3
1/16/2017,34.3
1/17/2017,37.7
1/18/2017,43.4
1/19/2017,47.7
1/20/2017,43
1/21/2017,43.4
1/22/2017,45.2
1/23/2017,41.5
1/24/2017,39.1
1/25/2017,37.1
1/26/2017,40
1/27/2017,44.1
1/28/2017,44.6
1/29/2017,44.6
1/30/2017,42.9
1/31/2017,43.1
2/1/2017,38
2/2/2017,36.6
2/3/2017,37.4
2/4/2017,37.3
2/5/2017,42.2
2/6/2017,34.9
2/7/2017,34.1
2/8/2017,35.1
2/9/2017,38.9
2/10/2017,50.4
2/11/2017,43.7
2/12/2017,41.7
2/13/2017,41.5
2/14/2017,44.3
2/15/2017,45.4
2/16/2017,49.7
2/17/2017,48.4
2/18/2017,48.8
2/19/2017,43.9
2/20/2017,43.8
2/21/2017,43.6
2/22/2017,42.9
2/23/2017,40
2/24/2017,37.9
2/25/2017,39.7
2/26/2017,37.8
2/27/2017,38.6
2/28/2017,37.3
3/1/2017,40
3/2/2017,45.9
3/3/2017,45.2
3/4/2017,44.3
3/5/2017,40.2
3/6/2017,40.2
3/7/2017,39.4
3/8/2017,39.5
3/9/2017,40.2
3/10/2017,45.5
3/11/2017,47.3
3/12/2017,47.3
3/13/2017,49.6
3/14/2017,50.2
3/15/2017,53.4
3/16/2017,46.4
3/17/2017,45.3
3/18/2017,46.8
3/19/2017,44.5
3/20/2017,42.7
3/21/2017,45.5
3/22/2017,50.8
3/23/2017,49.2
3/24/2017,48.9
3/25/2017,49.6
3/26/2017,48.2
3/27/2017,46
3/28/2017,49
3/29/2017,49.2
3/30/2017,50.1
3/31/2017,46.6
4/1/2017,47.9
4/2/2017,49.8
4/3/2017,47.2
4/4/2017,47.2
4/5/2017,52.2
4/6/2017,51.1
4/7/2017,53.6
4/8/2017,52
4/9/2017,45.4
4/10/2017,47.3
4/11/2017,45.3
4/12/2017,46.7
4/13/2017,51.8
4/14/2017,48.9
4/15/2017,46.9
4/16/2017,49.1
4/17/2017,53.6
4/18/2017,54.5
4/19/2017,53
4/20/2017,50.8
4/21/2017,50.7
4/22/2017,54.6
4/23/2017,54.4
4/24/2017,49.5
4/25/2017,51.2
4/26/2017,52.1
4/27/2017,51
4/28/2017,49.9
4/29/2017,51.2
4/30/2017,49.8
5/1/2017,50.8
5/2/2017,47.2
5/3/2017,53.5
5/4/2017,64.1
5/5/2017,63.9
5/6/2017,51.3
5/7/2017,50.8
5/8/2017,53.5
5/9/2017,54.9
5/10/2017,57.2
5/11/2017,61.2
5/12/2017,52.6
5/13/2017,49.6
5/14/2017,52
5/15/2017,52.5
5/16/2017,49.7
5/17/2017,49.1
5/18/2017,52.8
5/19/2017,56.3
5/20/2017,60.8
5/21/2017,62.1
5/22/2017,63.5
5/23/2017,68.5
5/24/2017,63.4
5/25/2017,54.6
5/26/2017,58.2
5/27/2017,65.2
5/28/2017,68.8
5/29/2017,68.3
5/30/2017,63.5
5/31/2017,56
6/1/2017,62.5
6/2/2017,61.4
6/3/2017,63.8
6/4/2017,59.3
6/5/2017,57.1
6/6/2017,60.3
6/7/2017,68.3
6/8/2017,67.2
6/9/2017,57.9
6/10/2017,55.8
6/11/2017,57.2
6/12/2017,61
6/13/2017,58.3
6/14/2017,57.6
6/15/2017,58.2
6/16/2017,57.3
6/17/2017,59.6
6/18/2017,58.2
6/19/2017,63.2
6/20/2017,64.1
6/21/2017,62.1
6/22/2017,59
6/23/2017,62.5
6/24/2017,66.6
6/25/2017,72.7
6/26/2017,75.7
6/27/2017,63.5
6/28/2017,62.9
6/29/2017,60.9
6/30/2017,66.1
7/1/2017,69.6
7/2/2017,63.4
7/3/2017,65.2
7/4/2017,61.9
7/5/2017,65.5
7/6/2017,69.1
7/7/2017,69.8
7/8/2017,64
7/9/2017,68.6
7/10/2017,68.3
7/11/2017,64.1
7/12/2017,64.5
7/13/2017,66.3
7/14/2017,64.4
7/15/2017,67
7/16/2017,65.5
7/17/2017,63
7/18/2017,65.3
7/19/2017,67.8
7/20/2017,65.6
7/21/2017,65.2
7/22/2017,66.3
7/23/2017,73.7
7/24/2017,66.2
7/25/2017,68.5
7/26/2017,71.6
7/27/2017,69.8
7/28/2017,62.9
7/29/2017,67
7/30/2017,68.3
7/31/2017,68.3
8/1/2017,70.7
8/2/2017,72.6
8/3/2017,76.4
8/4/2017,77.8
8/5/2017,75.1
8/6/2017,70
8/7/2017,69.8
8/8/2017,71.5
8/9/2017,73.4
8/10/2017,74.7
8/11/2017,74.1
8/12/2017,68.8
8/13/2017,67.4
8/14/2017,65.4
8/15/2017,63.4
8/16/2017,66
8/17/2017,67.8
8/18/2017,66.6
8/19/2017,65.3
8/20/2017,66.3
8/21/2017,65.6
8/22/2017,70
8/23/2017,72.7
8/24/2017,67.2
8/25/2017,63.1
8/26/2017,64.8
8/27/2017,67.8
8/28/2017,72.2
8/29/2017,73.9
8/30/2017,73.5
8/31/2017,68.7
9/1/2017,65.9
9/2/2017,69.3
9/3/2017,74.2
9/4/2017,75.3
9/5/2017,74
9/6/2017,73.9
9/7/2017,72
9/8/2017,68.8
9/9/2017,65.9
9/10/2017,62.7
9/11/2017,63.2
9/12/2017,65.8
9/13/2017,65.1
9/14/2017,61
9/15/2017,61.5
9/16/2017,61.3
9/17/2017,62.2
9/18/2017,58.6
9/19/2017,56.6
9/20/2017,55.5
9/21/2017,53.7
9/22/2017,56.8
9/23/2017,59.4
9/24/2017,59
9/25/2017,59.9
9/26/2017,60
9/27/2017,63.1
9/28/2017,66.1
9/29/2017,70.2
9/30/2017,60.8
10/1/2017,58.4
10/2/2017,53.8
10/3/2017,53.4
10/4/2017,55.9
10/5/2017,55.5
10/6/2017,55.7
10/7/2017,55.2
10/8/2017,54.1
10/9/2017,52.2
10/10/2017,53
10/11/2017,51
10/12/2017,50
10/13/2017,47.2
10/14/2017,45.6
10/15/2017,46.8
10/16/2017,51.3
10/17/2017,52.7
10/18/2017,53.6
10/19/2017,55.7
10/20/2017,51.2
10/21/2017,48.9
10/22/2017,52.2
10/23/2017,54.1
10/24/2017,55.4
10/25/2017,54.7
10/26/2017,51.6
10/27/2017,52.7
10/28/2017,54.9
10/29/2017,54.3
10/30/2017,50.4
10/31/2017,50.4
11/1/2017,47.8
11/2/2017,51.3
11/3/2017,42.7
11/4/2017,35.9
11/5/2017,38.7
11/6/2017,37
11/7/2017,40.4
11/8/2017,41.9
11/9/2017,49
11/10/2017,45.6
11/11/2017,44.8
11/12/2017,48.1
11/13/2017,51.9
11/14/2017,49.1
11/15/2017,49.6
11/16/2017,45.8
11/17/2017,44
11/18/2017,46.3
11/19/2017,46.1
11/20/2017,46.5
11/21/2017,44
11/22/2017,48.5
11/23/2017,60.9
11/24/2017,52.3
11/25/2017,47.9
11/26/2017,47.3
11/27/2017,49.2
11/28/2017,46
11/29/2017,43.9
11/30/2017,46.3
12/1/2017,44.1
12/2/2017,44.3
12/3/2017,42.2
12/4/2017,40.5
12/5/2017,37.8
12/6/2017,38.7
12/7/2017,42.3
12/8/2017,39.8
12/9/2017,35.5
12/10/2017,36
12/11/2017,38.4
12/12/2017,38.2
12/13/2017,38.6
12/14/2017,41
12/15/2017,41.8
12/16/2017,40.7
12/17/2017,41
12/18/2017,47
12/19/2017,45.4
12/20/2017,44.2
12/21/2017,36.4
12/22/2017,34.5
12/23/2017,37.1
12/24/2017,33.5
12/25/2017,33.6
12/26/2017,33.4
12/27/2017,35.1
12/28/2017,36.8
12/29/2017,44.8
12/30/2017,49.2
12/31/2017,42.5
1/1/2018,37.2
1/2/2018,36.6
1/3/2018,37.5
1/4/2018,39.5
1/5/2018,41.5
1/6/2018,47.7
1/7/2018,44.9
1/8/2018,43.5
1/9/2018,45.6
1/10/2018,44.1
1/11/2018,43.8
1/12/2018,47.1
1/13/2018,50.2
1/14/2018,49.2
1/15/2018,46.8
1/16/2018,51
1/17/2018,48.8
1/18/2018,49.5
1/19/2018,43.6
1/20/2018,42.6
1/21/2018,45.3
1/22/2018,46.6
1/23/2018,43.2
1/24/2018,44.6
1/25/2018,43.2
1/26/2018,41
1/27/2018,40.8
1/28/2018,45.6
1/29/2018,49.9
1/30/2018,47.5
1/31/2018,44
2/1/2018,43.1
2/2/2018,46
2/3/2018,51.8
2/4/2018,50.6
2/5/2018,51.9
2/6/2018,48
2/7/2018,47.2
2/8/2018,50.9
2/9/2018,47.8
2/10/2018,42.9
2/11/2018,38.5
2/12/2018,39.4
2/13/2018,37.3
2/14/2018,38.3
2/15/2018,39.7
2/16/2018,40.6
2/17/2018,44.6
2/18/2018,43.7
2/19/2018,35.7
2/20/2018,32.5
2/21/2018,30.8
2/22/2018,29.8
2/23/2018,31.5
2/24/2018,31.6
2/25/2018,40.2
2/26/2018,38.6
2/27/2018,38.3
2/28/2018,43.1
3/1/2018,43.2
3/2/2018,43.7
3/3/2018,40.4
3/4/2018,41.7
3/5/2018,40.8
3/6/2018,43.3
3/7/2018,43.7
3/8/2018,41.8
3/9/2018,46
3/10/2018,41.9
3/11/2018,44.7
3/12/2018,50.5
3/13/2018,56.2
3/14/2018,53.9
3/15/2018,44.2
3/16/2018,44.4
3/17/2018,46.8
3/18/2018,45.4
3/19/2018,46.1
3/20/2018,44.8
3/21/2018,44.7
3/22/2018,47
3/23/2018,42.7
3/24/2018,41.6
3/25/2018,40.9
3/26/2018,44.3
3/27/2018,44.3
3/28/2018,49.1
3/29/2018,48.7
3/30/2018,49.8
3/31/2018,51.8
4/1/2018,51.3
4/2/2018,42.8
4/3/2018,44.6
4/4/2018,45.5
4/5/2018,45.1
4/6/2018,51.2
4/7/2018,58.1
4/8/2018,51.5
4/9/2018,48.7
4/10/2018,53
4/11/2018,53.5
4/12/2018,48.4
4/13/2018,46.9
4/14/2018,48.6
4/15/2018,48.9
4/16/2018,47.3
4/17/2018,44.9
4/18/2018,48
4/19/2018,49.4
4/20/2018,50.6
4/21/2018,52.1
4/22/2018,50
4/23/2018,50.1
4/24/2018,54.1
4/25/2018,61.6
4/26/2018,61.5
4/27/2018,64
4/28/2018,53.5
4/29/2018,51.6
4/30/2018,53.9
5/1/2018,52.8
5/2/2018,53.3
5/3/2018,56.5
5/4/2018,61.6
5/5/2018,56.7
5/6/2018,58.2
5/7/2018,64
5/8/2018,59.7
5/9/2018,63.7
5/10/2018,58.6
5/11/2018,55.7
5/12/2018,57.9
5/13/2018,61.6
5/14/2018,67.5
5/15/2018,69.5
5/16/2018,62
5/17/2018,60.9
5/18/2018,59.4
5/19/2018,59.2
5/20/2018,63.3
5/21/2018,59.3
5/22/2018,60.9
5/23/2018,64.2
5/24/2018,66.7
5/25/2018,61.1
5/26/2018,59.1
5/27/2018,58.1
5/28/2018,62.2
5/29/2018,60.6
5/30/2018,56.5
5/31/2018,57.3
6/1/2018,56.4
6/2/2018,57.8
6/3/2018,64.7
6/4/2018,57.1
6/5/2018,57.9
6/6/2018,58.8
6/7/2018,62.2
6/8/2018,61.4
6/9/2018,57.2
6/10/2018,56
6/11/2018,54.7
6/12/2018,57.7
6/13/2018,57.8
6/14/2018,59.8
6/15/2018,58.4
6/16/2018,61.6
6/17/2018,65.7
6/18/2018,71.7
6/19/2018,72.1
6/20/2018,71.3
6/21/2018,72.3
6/22/2018,63.4
6/23/2018,62.9
6/24/2018,63
6/25/2018,65.1
6/26/2018,62.7
6/27/2018,62.1
6/28/2018,60.5
6/29/2018,60.5
6/30/2018,63.3
7/1/2018,61.4
7/2/2018,61.8
7/3/2018,59.9
7/4/2018,62.3
7/5/2018,69.1
7/6/2018,72.1
7/7/2018,68.6
7/8/2018,65.6
7/9/2018,67.5
7/10/2018,65
7/11/2018,66.3
7/12/2018,68.6
7/13/2018,72.7
7/14/2018,72.2
7/15/2018,72.3
7/16/2018,76
7/17/2018,75.4
7/18/2018,72.6
7/19/2018,67.1
7/20/2018,62.4
7/21/2018,64.3
7/22/2018,66.1
7/23/2018,70.9
7/24/2018,74.7
7/25/2018,74.1
7/26/2018,75.4
7/27/2018,75.3
7/28/2018,72.8
7/29/2018,71.9
7/30/2018,76
7/31/2018,74.5
8/1/2018,70
8/2/2018,67.1
8/3/2018,63.9
8/4/2018,65.9
8/5/2018,68.3
8/6/2018,71.3
8/7/2018,72.9
8/8/2018,74.7
8/9/2018,76.8
8/10/2018,76.4
8/11/2018,72.4
8/12/2018,66.2
8/13/2018,65.4
8/14/2018,67.4
8/15/2018,72.2
8/16/2018,71.7
8/17/2018,64.2
8/18/2018,64.5
8/19/2018,67.3
8/20/2018,67.8
8/21/2018,69.5
8/22/2018,74.7
8/23/2018,73.4
8/24/2018,64.9
8/25/2018,61.2
8/26/2018,58.3
8/27/2018,61.2
8/28/2018,65
8/29/2018,68
8/30/2018,66.6
8/31/2018,67.2
9/1/2018,64.1
9/2/2018,62.3
9/3/2018,63.6
9/4/2018,63.3
9/5/2018,63.4
9/6/2018,67.5
9/7/2018,69.3
9/8/2018,65.2
9/9/2018,64.3
9/10/2018,66.4
9/11/2018,62.7
9/12/2018,61.9
9/13/2018,61
9/14/2018,62
9/15/2018,59.9
9/16/2018,58.4
9/17/2018,57.7
9/18/2018,56.5
9/19/2018,56.9
9/20/2018,57.9
9/21/2018,60
9/22/2018,65.4
9/23/2018,61.1
9/24/2018,57.6
9/25/2018,57
9/26/2018,57.7
9/27/2018,59.8
9/28/2018,61.4
9/29/2018,65.2
9/30/2018,59.4
10/1/2018,60.8
10/2/2018,59.7
10/3/2018,52
10/4/2018,49.2
10/5/2018,52.1
10/6/2018,49.6
10/7/2018,53.2
10/8/2018,51.8
10/9/2018,54.9
10/10/2018,54.6
10/11/2018,54.2
10/12/2018,53.3
10/13/2018,53.2
10/14/2018,52.3
10/15/2018,53.9
10/16/2018,53.4
10/17/2018,56.4
10/18/2018,56.5
10/19/2018,55.3
10/20/2018,51.8
10/21/2018,50.2
10/22/2018,49.6
10/23/2018,48.7
10/24/2018,49.6
10/25/2018,53.7
10/26/2018,55.3
10/27/2018,53.1
10/28/2018,50.1
10/29/2018,51.3
10/30/2018,49.2
10/31/2018,51.4
11/1/2018,54.2
11/2/2018,59.2
11/3/2018,57.8
11/4/2018,54.2
11/5/2018,56.3
11/6/2018,52.1
11/7/2018,50.5
11/8/2018,43.7
11/9/2018,41.7
11/10/2018,38.6
11/11/2018,42.4
11/12/2018,41.8
11/13/2018,47.2
11/14/2018,45.8
11/15/2018,51.6
11/16/2018,52.2
11/17/2018,49.1
11/18/2018,44.9
11/19/2018,43.2
11/20/2018,42.8
11/21/2018,42.9
11/22/2018,48.8
11/23/2018,48.3
11/24/2018,44.8
11/25/2018,42.1
11/26/2018,41.7
11/27/2018,50
11/28/2018,53.4
11/29/2018,47.2
11/30/2018,46.8
12/1/2018,45.7
12/2/2018,40.6
12/3/2018,41.7
12/4/2018,38.8
12/5/2018,37.7
12/6/2018,36.7
12/7/2018,37
12/8/2018,37
12/9/2018,42.9
12/10/2018,44.3
12/11/2018,46
12/12/2018,45.9
12/13/2018,43.8
12/14/2018,47.1
12/15/2018,49
12/16/2018,45.9
12/17/2018,49.6
12/18/2018,48.7
12/19/2018,49.5
12/20/2018,47.9
12/21/2018,46.7
12/22/2018,38.5
12/23/2018,42.8
12/24/2018,44.5
12/25/2018,43
12/26/2018,39.9
12/27/2018,40.7
12/28/2018,41.9
12/29/2018,44.8
12/30/2018,47.2
12/31/2018,40.7
1/1/2019,37.2
1/2/2019,37.3
1/3/2019,40.1
1/4/2019,49.7
1/5/2019,46.7
1/6/2019,45.3
1/7/2019,41.6
1/8/2019,40.1
1/9/2019,42
1/10/2019,47.7
1/11/2019,47.4
1/12/2019,47.2
1/13/2019,45.4
1/14/2019,42.8
1/15/2019,40.7
1/16/2019,37.8
1/17/2019,43.3
1/18/2019,49.7
1/19/2019,48.7
1/20/2019,44.9
1/21/2019,40.6
1/22/2019,41.5
1/23/2019,46.2
1/24/2019,47.5
1/25/2019,44.8
1/26/2019,42.7
1/27/2019,42.5
1/28/2019,39.6
1/29/2019,42.3
1/30/2019,42.9
1/31/2019,40.3
2/1/2019,45.7
2/2/2019,47.7
2/3/2019,44.2
2/4/2019,34.8
2/5/2019,23.4
2/6/2019,26.1
2/7/2019,27.9
2/8/2019,29.6
2/9/2019,33
2/10/2019,26.9
2/11/2019,26.2
2/12/2019,33.8
2/13/2019,36
2/14/2019,34.7
2/15/2019,38.1
2/16/2019,40.8
2/17/2019,38
2/18/2019,37.7
2/19/2019,39.3
2/20/2019,39.9
2/21/2019,38.1
2/22/2019,38.7
2/23/2019,38.8
2/24/2019,41.2
2/25/2019,37.4
2/26/2019,37.2
2/27/2019,36.3
2/28/2019,37.2
3/1/2019,38.6
3/2/2019,40.9
3/3/2019,41.3
3/4/2019,37.2
3/5/2019,35.8
3/6/2019,37.4
3/7/2019,36.3
3/8/2019,39
3/9/2019,35.8
3/10/2019,38
3/11/2019,40.5
3/12/2019,41.3
3/13/2019,41.5
3/14/2019,44.9
3/15/2019,46.9
3/16/2019,49.3
3/17/2019,50.4
3/18/2019,51.1
3/19/2019,57.6
3/20/2019,60.6
3/21/2019,62.2
3/22/2019,52.5
3/23/2019,55.2
3/24/2019,51.5
3/25/2019,48.6
3/26/2019,50.3
3/27/2019,49.6
3/28/2019,50.2
3/29/2019,53.6
3/30/2019,52
3/31/2019,53
4/1/2019,53.7
4/2/2019,55.6
4/3/2019,58.1
4/4/2019,51.5
4/5/2019,53.2
4/6/2019,50.8
4/7/2019,50.5
4/8/2019,50
4/9/2019,53.4
4/10/2019,52
4/11/2019,49.8
4/12/2019,49.9
4/13/2019,52.7
4/14/2019,47.6
4/15/2019,46.6
4/16/2019,49
4/17/2019,50.9
4/18/2019,55.7
4/19/2019,57.8
4/20/2019,52.1
4/21/2019,51.9
4/22/2019,52.2
4/23/2019,52.5
4/24/2019,53.7
4/25/2019,51
4/26/2019,50.7
4/27/2019,53.7
4/28/2019,45.3
4/29/2019,48.2
4/30/2019,52.4
5/1/2019,53.5
5/2/2019,52.9
5/3/2019,52.6
5/4/2019,54
5/5/2019,56.3
5/6/2019,57.7
5/7/2019,60.9
5/8/2019,61
5/9/2019,61.4
5/10/2019,67
5/11/2019,68.7
5/12/2019,67.6
5/13/2019,57.4
5/14/2019,57.5
5/15/2019,56.5
5/16/2019,60.3
5/17/2019,58
5/18/2019,58
5/19/2019,61.3
5/20/2019,62.3
5/21/2019,54.4
5/22/2019,56.5
5/23/2019,62.4
5/24/2019,65.3
5/25/2019,57
5/26/2019,54
5/27/2019,61.9
5/28/2019,66.1
5/29/2019,59.8
5/30/2019,61.5
5/31/2019,64.1
6/1/2019,64.6
6/2/2019,63.7
6/3/2019,63.8
6/4/2019,59.9
6/5/2019,61.2
6/6/2019,57.9
6/7/2019,57.3
6/8/2019,55.5
6/9/2019,59.6
6/10/2019,61.7
6/11/2019,65.7
6/12/2019,70.7
6/13/2019,77.2
6/14/2019,67.7
6/15/2019,61.1
6/16/2019,63.6
6/17/2019,64.8
6/18/2019,65.8
6/19/2019,59.7
6/20/2019,59.6
6/21/2019,59.4
6/22/2019,63.1
6/23/2019,60.5
6/24/2019,58.2
6/25/2019,59.8
6/26/2019,62
6/27/2019,62
6/28/2019,62.2
6/29/2019,63.1
6/30/2019,65.2
7/1/2019,67.3
7/2/2019,68.9
7/3/2019,59.3
7/4/2019,62.9
7/5/2019,65.5
7/6/2019,63.7
7/7/2019,65.5
7/8/2019,62.9
7/9/2019,65.3
7/10/2019,66.5
7/11/2019,65.9
7/12/2019,67.8
7/13/2019,69.7
7/14/2019,69.7
7/15/2019,69.3
7/16/2019,66.6
7/17/2019,71
7/18/2019,63.5
7/19/2019,63.8
7/20/2019,62.8
7/21/2019,66
7/22/2019,72.4
7/23/2019,69.9
7/24/2019,64.8
7/25/2019,66.8
7/26/2019,69.9
7/27/2019,73.4
7/28/2019,66.2
7/29/2019,68.2
7/30/2019,69
7/31/2019,66.8
8/1/2019,69.8
8/2/2019,73
8/3/2019,69.7
8/4/2019,69.7
8/5/2019,72.1
8/6/2019,73.3
8/7/2019,70.2
8/8/2019,68.1
8/9/2019,65.3
8/10/2019,68.2
8/11/2019,66.7
8/12/2019,66.7
8/13/2019,69
8/14/2019,71.6
8/15/2019,72
8/16/2019,69.7
8/17/2019,65.2
8/18/2019,66.7
8/19/2019,67.9
8/20/2019,66
8/21/2019,68.7
8/22/2019,63.7
8/23/2019,63.4
8/24/2019,63.7
8/25/2019,67.7
8/26/2019,65.6
8/27/2019,66.8
8/28/2019,71.4
8/29/2019,73.5
8/30/2019,69.2
8/31/2019,69.4
9/1/2019,69.7
9/2/2019,69.9
9/3/2019,68.6
9/4/2019,69.5
9/5/2019,67
9/6/2019,67.8
9/7/2019,69.6
9/8/2019,63.9
9/9/2019,65.5
9/10/2019,63.1
9/11/2019,63.7
9/12/2019,65
9/13/2019,68
9/14/2019,65.6
9/15/2019,63.1
9/16/2019,57.6
9/17/2019,60
9/18/2019,58.7
9/19/2019,59.7
9/20/2019,61.2
9/21/2019,62
9/22/2019,62.5
9/23/2019,60.6
9/24/2019,59
9/25/2019,62.6
9/26/2019,61.5
9/27/2019,60.6
9/28/2019,55.1
9/29/2019,53.4
9/30/2019,48.7
10/1/2019,49.4
10/2/2019,50
10/3/2019,52.6
10/4/2019,56
10/5/2019,55.2
10/6/2019,53.9
10/7/2019,52.9
10/8/2019,56.4
10/9/2019,45.7
10/10/2019,43.4
10/11/2019,45.6
10/12/2019,50.9
10/13/2019,50.9
10/14/2019,51.6
10/15/2019,52.5
10/16/2019,52.9
10/17/2019,54.3
10/18/2019,53.3
10/19/2019,49.6
10/20/2019,48.9
10/21/2019,50.3
10/22/2019,55.9
10/23/2019,50.5
10/24/2019,49.9
10/25/2019,52.8
10/26/2019,50.6
10/27/2019,45.4
10/28/2019,44.4
10/29/2019,42.8
10/30/2019,40.3
10/31/2019,41.3
11/1/2019,42.8
11/2/2019,45.7
11/3/2019,46.5
11/4/2019,45.8
11/5/2019,47.5
11/6/2019,47.6
11/7/2019,45.3
11/8/2019,45.7
11/9/2019,47.9
11/10/2019,50.5
11/11/2019,50.9
11/12/2019,52.1
11/13/2019,49.6
11/14/2019,49.3
11/15/2019,49.7
11/16/2019,52.1
11/17/2019,50.1
11/18/2019,53.4
11/19/2019,50.2
11/20/2019,44.8
11/21/2019,42.2
11/22/2019,39
11/23/2019,38.9
11/24/2019,43.5
11/25/2019,47.6
11/26/2019,41.7
11/27/2019,40.8
11/28/2019,39.3
11/29/2019,37.2
11/30/2019,33.2
12/1/2019,34.8
12/2/2019,40.8
12/3/2019,43.8
12/4/2019,48.6
12/5/2019,47.9
12/6/2019,47.4
12/7/2019,48.6
12/8/2019,47.9
12/9/2019,47.4
12/10/2019,42
12/11/2019,42.6
12/12/2019,46.9
12/13/2019,47.1
12/14/2019,45.4
12/15/2019,41.3
12/16/2019,39.4
12/17/2019,40.8
12/18/2019,40.6
12/19/2019,42.3
12/20/2019,48.1
12/21/2019,49.9
12/22/2019,43.1
12/23/2019,41.7
12/24/2019,40.2
12/25/2019,36.1
12/26/2019,36
12/27/2019,33.7
12/28/2019,40.7
12/29/2019,43.3
12/30/2019,46.1
12/31/2019,45.5
1/1/2020,49.6
1/2/2020,47.8
1/3/2020,45.6
1/4/2020,51.4
1/5/2020,43.3
1/6/2020,44.4
1/7/2020,46.9
1/8/2020,49
1/9/2020,38
1/10/2020,36.3
1/11/2020,40.7
1/12/2020,42.5
1/13/2020,38.4
1/14/2020,32.4
1/15/2020,32.2
1/16/2020,37.3
1/17/2020,38.4
1/18/2020,36.3
1/19/2020,44.7
1/20/2020,47.8
1/21/2020,47.3
1/22/2020,47.3
1/23/2020,47.5
1/24/2020,51
1/25/2020,48.6
1/26/2020,47.9
1/27/2020,49
1/28/2020,46.7
1/29/2020,48.6
1/30/2020,46.3
1/31/2020,47.1
2/1/2020,55.1
2/2/2020,43.2
2/3/2020,38.5
2/4/2020,37
2/5/2020,37.8
2/6/2020,46.6
2/7/2020,47.2
2/8/2020,48
2/9/2020,41.6
2/10/2020,40.6
2/11/2020,41.5
2/12/2020,40.8
2/13/2020,43.8
2/14/2020,42.4
2/15/2020,45.3
2/16/2020,43.4
2/17/2020,42.4
2/18/2020,40
2/19/2020,38.5
2/20/2020,42.5
2/21/2020,44.5
2/22/2020,43.9
2/23/2020,44
2/24/2020,44.9
2/25/2020,42.7
2/26/2020,42.8
2/27/2020,47
2/28/2020,47
2/29/2020,43.1
3/1/2020,40.6
3/2/2020,40.4
3/3/2020,45.4
3/4/2020,47.5
3/5/2020,45.2
3/6/2020,46.6
3/7/2020,41.3
3/8/2020,40.7
3/9/2020,39.3
3/10/2020,40.4
3/11/2020,43.8
3/12/2020,44.3
3/13/2020,43.8
3/14/2020,37.5
3/15/2020,37.5
3/16/2020,38.8
3/17/2020,42.5
3/18/2020,42.3
3/19/2020,44.9
3/20/2020,47.1
3/21/2020,48.9
3/22/2020,45.9
3/23/2020,46.9
3/24/2020,45.6
3/25/2020,44.4
3/26/2020,43.7
3/27/2020,43.6
3/28/2020,46.4
3/29/2020,50.3
3/30/2020,50.3
3/31/2020,44.4
4/1/2020,44.6
4/2/2020,43.2
4/3/2020,43.4
4/4/2020,42
4/5/2020,43.9
4/6/2020,47.3
4/7/2020,48.5
4/8/2020,47.5
4/9/2020,49.3
4/10/2020,53.9
4/11/2020,53.6
4/12/2020,47.7
4/13/2020,46.8
4/14/2020,49
4/15/2020,52.4
4/16/2020,54.2
4/17/2020,55.3
4/18/2020,54.7
4/19/2020,52.2
4/20/2020,54.2
4/21/2020,54.6
4/22/2020,52.6
4/23/2020,51.7
4/24/2020,53.2
4/25/2020,53.8
4/26/2020,53.8
4/27/2020,53.5
4/28/2020,53.2
4/29/2020,53.1
4/30/2020,59.7
5/1/2020,50.8
5/2/2020,53.3
5/3/2020,50.6
5/4/2020,48.9
5/5/2020,52.3
5/6/2020,59.9
5/7/2020,52.1
5/8/2020,54.4
5/9/2020,63.5
5/10/2020,70.1
5/11/2020,70.6
5/12/2020,63.5
5/13/2020,58.3
5/14/2020,58.7
5/15/2020,58.4
5/16/2020,59.9
5/17/2020,58
5/18/2020,59.4
5/19/2020,59.2
5/20/2020,58.3
5/21/2020,54.2
5/22/2020,51.9
5/23/2020,54.3
5/24/2020,56.3
5/25/2020,60
5/26/2020,57.3
5/27/2020,57.4
5/28/2020,60.9
5/29/2020,67.8
5/30/2020,66.3
5/31/2020,53.1
6/1/2020,54.9
6/2/2020,58.1
6/3/2020,57.2
6/4/2020,58.8
6/5/2020,59.6
6/6/2020,57.9
6/7/2020,56.4
6/8/2020,57.2
6/9/2020,57.8
6/10/2020,57.1
6/11/2020,63.6
6/12/2020,63.9
6/13/2020,56.2
6/14/2020,56.3
6/15/2020,58.2
6/16/2020,57.4
6/17/2020,58.4
6/18/2020,61.6
6/19/2020,63.9
6/20/2020,67.6
6/21/2020,65.3
6/22/2020,61.1
6/23/2020,65.8
6/24/2020,69.9
6/25/2020,67.3
6/26/2020,68.7
6/27/2020,69
6/28/2020,56.7
6/29/2020,61.1
6/30/2020,62.7
7/1/2020,59.8
7/2/2020,59.7
7/3/2020,61.1
7/4/2020,60.1
7/5/2020,62.7
7/6/2020,63.7
7/7/2020,63.2
7/8/2020,62.1
7/9/2020,65
7/10/2020,63.7
7/11/2020,63.9
7/12/2020,61.6
7/13/2020,62.5
7/14/2020,63.8
7/15/2020,66.3
7/16/2020,69.6
7/17/2020,67.8
7/18/2020,62.5
7/19/2020,66.7
7/20/2020,70.7
7/21/2020,73.2
7/22/2020,70.9
7/23/2020,65.2
7/24/2020,62.3
7/25/2020,62.5
7/26/2020,65.8
7/27/2020,71.7
7/28/2020,76.1
7/29/2020,68.9
7/30/2020,70.8
7/31/2020,74.5
8/1/2020,71.3
8/2/2020,67.5
8/3/2020,69.7
8/4/2020,70.6
8/5/2020,71.2
8/6/2020,70.7
8/7/2020,62.5
8/8/2020,66.7
8/9/2020,61.3
8/10/2020,64.5
8/11/2020,68.4
8/12/2020,65.5
8/13/2020,61.6
8/14/2020,63.3
8/15/2020,67
8/16/2020,72.4
8/17/2020,79.6
8/18/2020,75.7
8/19/2020,70.3
8/20/2020,70.8
8/21/2020,71.9
8/22/2020,66
8/23/2020,64.5
8/24/2020,64.7
8/25/2020,64.7
8/26/2020,64.9
8/27/2020,65.8
8/28/2020,66.8
8/29/2020,66.8
8/30/2020,61.7
8/31/2020,62.2
9/1/2020,62.2
9/2/2020,68.4
9/3/2020,67.9
9/4/2020,68.9
9/5/2020,70.2
9/6/2020,65
9/7/2020,67.3
9/8/2020,71.3
9/9/2020,68.6
9/10/2020,72
9/11/2020,72.7
9/12/2020,64.7
9/13/2020,55.9
9/14/2020,57.8
9/15/2020,63.3
9/16/2020,68.3
9/17/2020,65.4
9/18/2020,66.1
9/19/2020,63.8
9/20/2020,65
9/21/2020,62.1
9/22/2020,61.8
9/23/2020,65.5
9/24/2020,60.8
9/25/2020,60.8
9/26/2020,58.5
9/27/2020,58.6
9/28/2020,59.7
9/29/2020,62
9/30/2020,65.3
10/1/2020,64.2
10/2/2020,61.4
10/3/2020,62.8
10/4/2020,56.9
10/5/2020,58.3
10/6/2020,59.8
10/7/2020,61.9
10/8/2020,58.6
10/9/2020,61.3
10/10/2020,62.4
10/11/2020,56.1
10/12/2020,55.1
10/13/2020,55.5
10/14/2020,56.2
10/15/2020,54.1
10/16/2020,52.9
10/17/2020,57.8
10/18/2020,54.8
10/19/2020,57.8
10/20/2020,54
10/21/2020,52.8
10/22/2020,46.1
10/23/2020,45.8
10/24/2020,45.2
10/25/2020,42.1
10/26/2020,40.8
10/27/2020,43.9
10/28/2020,51
10/29/2020,52
10/30/2020,53.4
10/31/2020,51
11/1/2020,47.3
11/2/2020,49.4
11/3/2020,52.5
11/4/2020,52.4
11/5/2020,61.8
11/6/2020,52
11/7/2020,43
11/8/2020,38.6
11/9/2020,38.8
11/10/2020,36.9
11/11/2020,41.3
11/12/2020,41.7
11/13/2020,44.6
11/14/2020,47.2
11/15/2020,44.8
11/16/2020,49.1
11/17/2020,46.6
11/18/2020,52.9
11/19/2020,46.2
11/20/2020,45.6
11/21/2020,47.8
11/22/2020,45.2
11/23/2020,40.7
11/24/2020,45.1
11/25/2020,47.4
11/26/2020,45.7
11/27/2020,46.6
11/28/2020,48.3
11/29/2020,41.6
11/30/2020,39.3
12/1/2020,43.5
12/2/2020,42
12/3/2020,45.8
12/4/2020,42
12/5/2020,43.5
12/6/2020,46.3
12/7/2020,48.1
12/8/2020,48.4
12/9/2020,49.5
12/10/2020,43.3
12/11/2020,40.6
12/12/2020,40.1
12/13/2020,37.5
12/14/2020,42.3
12/15/2020,46.2
12/16/2020,45.1
12/17/2020,47.6
12/18/2020,47.8
12/19/2020,47.9
12/20/2020,50.1
12/21/2020,49
12/22/2020,45.8
12/23/2020,38.1
12/24/2020,36.1
12/25/2020,35.9
12/26/2020,42.2
12/27/2020,45.8
12/28/2020,40.2
12/29/2020,39
12/30/2020,37.1
12/31/2020,44.9
1/1/2021,48
1/2/2021,48.3
1/3/2021,44.3
1/4/2021,43.4
1/5/2021,46.3
1/6/2021,44.4
1/7/2021,44.7
1/8/2021,45.6
1/9/2021,41.2
1/10/2021,39.1
1/11/2021,45.5
1/12/2021,45
1/13/2021,51.9
1/14/2021,45.1
1/15/2021,46
1/16/2021,45.4
1/17/2021,42.6
1/18/2021,45.4
1/19/2021,42.3
1/20/2021,39.3
1/21/2021,39.9
1/22/2021,43.6
1/23/2021,38
1/24/2021,35.4
1/25/2021,39.3
1/26/2021,39.5
1/27/2021,38.3
1/28/2021,41.6
1/29/2021,42.6
1/30/2021,43.7
1/31/2021,45.2
2/1/2021,45.9
2/2/2021,46.4
2/3/2021,42.7
2/4/2021,44.4
2/5/2021,45.5
2/6/2021,48.1
2/7/2021,46.4
2/8/2021,42.6
2/9/2021,38.9
2/10/2021,38.1
2/11/2021,36.3
2/12/2021,34
2/13/2021,29.7
2/14/2021,28.9
2/15/2021,33.5
2/16/2021,38.8
2/17/2021,43.1
2/18/2021,42
2/19/2021,40.6
2/20/2021,44.9
2/21/2021,44.2
2/22/2021,48.4
2/23/2021,45.5
2/24/2021,41.3
2/25/2021,40
2/26/2021,43.2
2/27/2021,43.7
2/28/2021,40.9
3/1/2021,46
3/2/2021,48.4
3/3/2021,43.3
3/4/2021,45.2
3/5/2021,44.1
3/6/2021,48.1
3/7/2021,45.7
3/8/2021,40.4
3/9/2021,41.4
3/10/2021,43.8
3/11/2021,42.8
3/12/2021,43.9
3/13/2021,45.1
3/14/2021,47.5
3/15/2021,42.5
3/16/2021,40.7
3/17/2021,41.9
3/18/2021,46.9
3/19/2021,46.3
3/20/2021,48.5
3/21/2021,47
3/22/2021,43
3/23/2021,44.2
3/24/2021,46.1
3/25/2021,47.1
3/26/2021,46.9
3/27/2021,47.5
3/28/2021,49
3/29/2021,41.9
3/30/2021,41.7
3/31/2021,43.4
4/1/2021,47.4
4/2/2021,48.6
4/3/2021,48.8
4/4/2021,52
4/5/2021,42.4
4/6/2021,44.8
4/7/2021,47.8
4/8/2021,44.7
4/9/2021,45.8
4/10/2021,42.5
4/11/2021,43.6
4/12/2021,42.7
4/13/2021,46.9
4/14/2021,51.1
4/15/2021,53.2
4/16/2021,58.3
4/17/2021,60.9
4/18/2021,62.2
4/19/2021,63
4/20/2021,59.3
4/21/2021,59.1
4/22/2021,58.5
4/23/2021,54.4
4/24/2021,53
4/25/2021,48.5
4/26/2021,53.4
4/27/2021,52.7
4/28/2021,53
4/29/2021,56.3
4/30/2021,62
5/1/2021,57.6
5/2/2021,53.4
5/3/2021,53.5
5/4/2021,52
5/5/2021,54.1
5/6/2021,56.5
5/7/2021,56.3
5/8/2021,50.8
5/9/2021,51.5
5/10/2021,54.4
5/11/2021,54.5
5/12/2021,57.6
5/13/2021,60.7
5/14/2021,60.1
5/15/2021,61.6
5/16/2021,61.4
5/17/2021,63.3
5/18/2021,54.4
5/19/2021,52.9
5/20/2021,51.7
5/21/2021,53.9
5/22/2021,54.6
5/23/2021,55.5
5/24/2021,57.2
5/25/2021,56.2
5/26/2021,57.7
5/27/2021,58
5/28/2021,55.1
5/29/2021,55.6
5/30/2021,58.7
5/31/2021,61.6
6/1/2021,66
6/2/2021,71.4
6/3/2021,72.2
6/4/2021,65.8
6/5/2021,61.1
6/6/2021,58
6/7/2021,51
6/8/2021,54.6
6/9/2021,57.6
6/10/2021,57.9
6/11/2021,57.8
6/12/2021,56.7
6/13/2021,62.8
6/14/2021,61.9
6/15/2021,60.5
6/16/2021,61.3
6/17/2021,62.4
6/18/2021,65.4
6/19/2021,63.8
6/20/2021,65.1
6/21/2021,69.9
6/22/2021,74.5
6/23/2021,68.1
6/24/2021,67
6/25/2021,70
6/26/2021,76.6
6/27/2021,84.7
6/28/2021,86.6
6/29/2021,85.3
6/30/2021,73.7
7/1/2021,68.7
7/2/2021,68
7/3/2021,69.5
7/4/2021,71.3
7/5/2021,68.1
7/6/2021,66
7/7/2021,69.6
7/8/2021,63.2
7/9/2021,64.5
7/10/2021,69
7/11/2021,68.2
7/12/2021,68.6
7/13/2021,69.2
7/14/2021,68.9
7/15/2021,65.5
7/16/2021,63.4
7/17/2021,63.4
7/18/2021,66.3
7/19/2021,68.3
7/20/2021,69.9
7/21/2021,65.3
7/22/2021,64.6
7/23/2021,66
7/24/2021,66.8
7/25/2021,71.7
7/26/2021,72.1
7/27/2021,71
7/28/2021,71.9
7/29/2021,73.4
7/30/2021,74.4
7/31/2021,75.2
8/1/2021,70
8/2/2021,71.8
8/3/2021,71.7
8/4/2021,71.6
8/5/2021,73
8/6/2021,73.2
8/7/2021,70.4
8/8/2021,67
8/9/2021,64.9
8/10/2021,67.2
8/11/2021,72.4
8/12/2021,76.6
8/13/2021,80
8/14/2021,79
8/15/2021,73.5
8/16/2021,71.7
8/17/2021,66.2
8/18/2021,62
8/19/2021,65.6
8/20/2021,68.1
8/21/2021,61.3
8/22/2021,63.4
8/23/2021,61.5
8/24/2021,62
8/25/2021,64.8
8/26/2021,64.6
8/27/2021,64.9
8/28/2021,62
8/29/2021,64.8
8/30/2021,65.7
8/31/2021,57.8
9/1/2021,58.6
9/2/2021,59.1
9/3/2021,63.4
9/4/2021,64.2
9/5/2021,65.9
9/6/2021,70.5
9/7/2021,65.8
9/8/2021,66.8
9/9/2021,70.4
9/10/2021,69.6
9/11/2021,62.3
9/12/2021,64.9
9/13/2021,61.6
9/14/2021,61.2
9/15/2021,60.4
9/16/2021,57
9/17/2021,56.5
9/18/2021,61.8
9/19/2021,58.6
9/20/2021,58.8
9/21/2021,60.6
9/22/2021,62.9
9/23/2021,60.8
9/24/2021,61.5
9/25/2021,63.5
9/26/2021,65.5
9/27/2021,59.3
9/28/2021,56.5
9/29/2021,57.8
9/30/2021,56.2
10/1/2021,57.7
10/2/2021,54.9
10/3/2021,57.2
10/4/2021,54.3
10/5/2021,56.2
10/6/2021,51.1
10/7/2021,51.4
10/8/2021,49.8
10/9/2021,49.2
10/10/2021,50.5
10/11/2021,49.2
10/12/2021,45.5
10/13/2021,43.4
10/14/2021,48.8
10/15/2021,53.1
10/16/2021,56.6
10/17/2021,60.3
10/18/2021,53.6
10/19/2021,51.4
10/20/2021,52.3
10/21/2021,54.9
10/22/2021,59.1
10/23/2021,52.5
10/24/2021,52.1
10/25/2021,54.8
10/26/2021,53.6
10/27/2021,52.1
10/28/2021,51.4
10/29/2021,53.1
10/30/2021,46.5
10/31/2021,45.8
11/1/2021,47.8
